review,sentiment
"This movie was excellent! The performances were Oscar-worthy.",positive
"I hated this film. It was boring and too long.",negative
"A masterpiece with stunning visuals and deep story.",positive
"The worst movie I've ever seen. Terrible acting.",negative
"A beautiful and emotional journey. Highly recommended.",positive
"I fell asleep halfway. It was that bad.",negative
"Great plot and character development.",positive
"Predictable and dull. Nothing special.",negative
"Inspiring and uplifting! Loved every moment.",positive
"Boring plot, annoying characters, bad soundtrack.",negative
"A thrilling ride from start to finish!",positive
"The dialogue was cringe-worthy and unrealistic.",negative
"Outstanding direction and superb cinematography.",positive
"A total waste of time. Don't bother watching.",negative
"Heartwarming and full of life lessons.",positive
"Unoriginal story and flat performances.",negative
"Brilliantly written and emotionally resonant.",positive
"Too slow-paced and lacking excitement.",negative
"Excellent cast and gripping narrative.",positive
"Messy plot with too many clichés.",negative
"A delightful film with charming characters.",positive
"Painfully bad. I couldn’t finish it.",negative
"Authentic and powerful storytelling.",positive
"Poorly edited and hard to follow.",negative
"Impressive visuals and a haunting soundtrack.",positive
"Not funny, not clever, just bad.",negative
"An emotional rollercoaster. Loved it!",positive
"Confusing and overhyped.",negative
"A must-watch. One of the best films this year.",positive
"Awful pacing and weak dialogue.",negative
"Full of suspense and beautifully acted.",positive
"I regret spending money on this.",negative
"Charming, clever, and very funny.",positive
"Overacted and underwritten.",negative
"Truly captivating from beginning to end.",positive
"It felt like a long commercial.",negative
"One of the most touching stories I've ever seen.",positive
"Plot holes everywhere. Disappointing.",negative
"Emotionally gripping and brilliantly shot.",positive
"Fails to deliver anything memorable.",negative
"A stunning piece of cinematic art.",positive
"The acting was stiff and robotic.",negative
"Smart, sharp, and emotionally satisfying.",positive
"Generic storyline and no real payoff.",negative
"A film that stays with you long after it ends.",positive
"I didn’t care about any of the characters.",negative
"Visually rich and narratively deep.",positive
"Loud, chaotic, and nonsensical.",negative
"Fantastic chemistry between the leads.",positive
"The plot made no sense at all.",negative
"Masterfully directed and emotionally layered.",positive
"Just another forgettable action flick.",negative
"A unique and thoughtful take on the genre.",positive
"Boring from the first scene to the last.",negative
"A well-paced and satisfying story arc.",positive
"Cheap effects and terrible writing.",negative
"Captivating, emotional, and beautifully acted.",positive
"It dragged on forever with no point.",negative
"A charming and feel-good experience.",positive
"Bad camera work and worse acting.",negative
"Surprisingly deep and complex.",positive
"Painfully predictable and dull.",negative
"A fresh perspective with brilliant execution.",positive
"Felt like a school project, not a real movie.",negative
"Completely exceeded my expectations.",positive
"Flat characters and forgettable story.",negative
"Well-crafted, heartfelt, and smartly written.",positive
"A jumbled mess with no direction.",negative
"One of the most enjoyable movies this year.",positive
"Unbearably slow and uninteresting.",negative
"Great performances and strong writing.",positive
"The premise was good, but the execution failed.",negative
"A beautiful soundtrack and stunning imagery.",positive
"Just another cliché-filled drama.",negative
"Refreshing and deeply human.",positive
"Too confusing and not worth the effort.",negative
"Every scene had emotional weight and purpose.",positive
"Unrealistic and way over the top.",negative
"Truly a breath of fresh air in cinema.",positive
"It was just plain bad.",negative
"Deeply moving and well-acted.",positive
"Nothing original here, just recycled ideas.",negative
"I loved every second of it.",positive
"Failed to keep my attention.",negative
"Impressive direction and solid performances.",positive
"I’ve seen better acting in high school plays.",negative
"A visually and emotionally satisfying film.",positive
"Hard to watch — in a bad way.",negative
"A modern classic in the making.",positive
"A boring and lifeless mess.",negative
"Beautifully directed and emotionally resonant.",positive
"Forgettable, even while watching.",negative
"A smart and creative story well told.",positive
"Trying too hard to be deep.",negative
"One of the best surprises of the year.",positive
"Stale plot with uninspired acting.",negative
